feature,importance
EN_range,1.4706527
Z_mean,0.9209541
magmom,0.7947189
Z_max,0.7815624
SOC_proxy,0.7517921
Z_var,0.56428057
num_elements,0.1542799
